--
-- PostgreSQL database dump
--

-- Dumped from database version 12.9 (Ubuntu 12.9-2.pgdg20.04+1)
-- Dumped by pg_dump version 12.9 (Ubuntu 12.9-2.pgdg20.04+1)

SET statement_timeout = 0;
SET lock_timeout = 0;
SET idle_in_transaction_session_timeout = 0;
SET client_encoding = 'UTF8';
SET standard_conforming_strings = on;
SELECT pg_catalog.set_config('search_path', '', false);
SET check_function_bodies = false;
SET xmloption = content;
SET client_min_messages = warning;
SET row_security = off;

DROP DATABASE universe;
--
-- Name: universe; Type: DATABASE; Schema: -; Owner: freecodecamp
--

CREATE DATABASE universe WITH TEMPLATE = template0 ENCODING = 'UTF8' LC_COLLATE = 'C.UTF-8' LC_CTYPE = 'C.UTF-8';


ALTER DATABASE universe OWNER TO freecodecamp;

\connect universe

SET statement_timeout = 0;
SET lock_timeout = 0;
SET idle_in_transaction_session_timeout = 0;
SET client_encoding = 'UTF8';
SET standard_conforming_strings = on;
SELECT pg_catalog.set_config('search_path', '', false);
SET check_function_bodies = false;
SET xmloption = content;
SET client_min_messages = warning;
SET row_security = off;

SET default_tablespace = '';

SET default_table_access_method = heap;

--
-- Name: galaxy; Type: TABLE; Schema: public; Owner: freecodecamp
--

CREATE TABLE public.galaxy (
    galaxy_id integer NOT NULL,
    name character varying(50) NOT NULL,
    description text NOT NULL,
    age integer,
    has_life boolean,
    distance numeric(3,1)
);


ALTER TABLE public.galaxy OWNER TO freecodecamp;

--
-- Name: galaxy_galaxy_id_seq; Type: SEQUENCE; Schema: public; Owner: freecodecamp
--

CREATE SEQUENCE public.galaxy_galaxy_id_seq
    AS integer
    START WITH 1
    INCREMENT BY 1
    NO MINVALUE
    NO MAXVALUE
    CACHE 1;


ALTER TABLE public.galaxy_galaxy_id_seq OWNER TO freecodecamp;

--
-- Name: galaxy_galaxy_id_seq; Type: SEQUENCE OWNED BY; Schema: public; Owner: freecodecamp
--

ALTER SEQUENCE public.galaxy_galaxy_id_seq OWNED BY public.galaxy.galaxy_id;


--
-- Name: galaxy_star; Type: TABLE; Schema: public; Owner: freecodecamp
--

CREATE TABLE public.galaxy_star (
    galaxy_star_id integer NOT NULL,
    galaxy_id integer,
    star_id integer,
    clean boolean NOT NULL,
    name character varying NOT NULL
);


ALTER TABLE public.galaxy_star OWNER TO freecodecamp;

--
-- Name: galaxy_star_galaxy_star_id_seq; Type: SEQUENCE; Schema: public; Owner: freecodecamp
--

CREATE SEQUENCE public.galaxy_star_galaxy_star_id_seq
    AS integer
    START WITH 1
    INCREMENT BY 1
    NO MINVALUE
    NO MAXVALUE
    CACHE 1;


ALTER TABLE public.galaxy_star_galaxy_star_id_seq OWNER TO freecodecamp;

--
-- Name: galaxy_star_galaxy_star_id_seq; Type: SEQUENCE OWNED BY; Schema: public; Owner: freecodecamp
--

ALTER SEQUENCE public.galaxy_star_galaxy_star_id_seq OWNED BY public.galaxy_star.galaxy_star_id;


--
-- Name: moon; Type: TABLE; Schema: public; Owner: freecodecamp
--

CREATE TABLE public.moon (
    moon_id integer NOT NULL,
    name character varying(50) NOT NULL,
    description text NOT NULL,
    age integer,
    has_life boolean,
    distance numeric(3,1),
    planet_id integer
);


ALTER TABLE public.moon OWNER TO freecodecamp;

--
-- Name: moon_moon_id_seq; Type: SEQUENCE; Schema: public; Owner: freecodecamp
--

CREATE SEQUENCE public.moon_moon_id_seq
    AS integer
    START WITH 1
    INCREMENT BY 1
    NO MINVALUE
    NO MAXVALUE
    CACHE 1;


ALTER TABLE public.moon_moon_id_seq OWNER TO freecodecamp;

--
-- Name: moon_moon_id_seq; Type: SEQUENCE OWNED BY; Schema: public; Owner: freecodecamp
--

ALTER SEQUENCE public.moon_moon_id_seq OWNED BY public.moon.moon_id;


--
-- Name: planet; Type: TABLE; Schema: public; Owner: freecodecamp
--

CREATE TABLE public.planet (
    planet_id integer NOT NULL,
    name character varying(50) NOT NULL,
    description text NOT NULL,
    age integer,
    has_life boolean,
    distance numeric(3,1),
    star_id integer
);


ALTER TABLE public.planet OWNER TO freecodecamp;

--
-- Name: planet_planet_id_seq; Type: SEQUENCE; Schema: public; Owner: freecodecamp
--

CREATE SEQUENCE public.planet_planet_id_seq
    AS integer
    START WITH 1
    INCREMENT BY 1
    NO MINVALUE
    NO MAXVALUE
    CACHE 1;


ALTER TABLE public.planet_planet_id_seq OWNER TO freecodecamp;

--
-- Name: planet_planet_id_seq; Type: SEQUENCE OWNED BY; Schema: public; Owner: freecodecamp
--

ALTER SEQUENCE public.planet_planet_id_seq OWNED BY public.planet.planet_id;


--
-- Name: star; Type: TABLE; Schema: public; Owner: freecodecamp
--

CREATE TABLE public.star (
    star_id integer NOT NULL,
    name character varying(50) NOT NULL,
    description text NOT NULL,
    age integer,
    has_life boolean,
    distance numeric(3,1),
    galaxy_id integer
);


ALTER TABLE public.star OWNER TO freecodecamp;

--
-- Name: star_star_id_seq; Type: SEQUENCE; Schema: public; Owner: freecodecamp
--

CREATE SEQUENCE public.star_star_id_seq
    AS integer
    START WITH 1
    INCREMENT BY 1
    NO MINVALUE
    NO MAXVALUE
    CACHE 1;


ALTER TABLE public.star_star_id_seq OWNER TO freecodecamp;

--
-- Name: star_star_id_seq; Type: SEQUENCE OWNED BY; Schema: public; Owner: freecodecamp
--

ALTER SEQUENCE public.star_star_id_seq OWNED BY public.star.star_id;


--
-- Name: galaxy galaxy_id; Type: DEFAULT; Schema: public; Owner: freecodecamp
--

ALTER TABLE ONLY public.galaxy ALTER COLUMN galaxy_id SET DEFAULT nextval('public.galaxy_galaxy_id_seq'::regclass);


--
-- Name: galaxy_star galaxy_star_id; Type: DEFAULT; Schema: public; Owner: freecodecamp
--

ALTER TABLE ONLY public.galaxy_star ALTER COLUMN galaxy_star_id SET DEFAULT nextval('public.galaxy_star_galaxy_star_id_seq'::regclass);


--
-- Name: moon moon_id; Type: DEFAULT; Schema: public; Owner: freecodecamp
--

ALTER TABLE ONLY public.moon ALTER COLUMN moon_id SET DEFAULT nextval('public.moon_moon_id_seq'::regclass);


--
-- Name: planet planet_id; Type: DEFAULT; Schema: public; Owner: freecodecamp
--

ALTER TABLE ONLY public.planet ALTER COLUMN planet_id SET DEFAULT nextval('public.planet_planet_id_seq'::regclass);


--
-- Name: star star_id; Type: DEFAULT; Schema: public; Owner: freecodecamp
--

ALTER TABLE ONLY public.star ALTER COLUMN star_id SET DEFAULT nextval('public.star_star_id_seq'::regclass);


--
-- Data for Name: galaxy; Type: TABLE DATA; Schema: public; Owner: freecodecamp
--

INSERT INTO public.galaxy VALUES (2, 'Pum', 'Blue', 300, true, 60.7);
INSERT INTO public.galaxy VALUES (3, 'Pom', 'red', 200, true, 50.6);
INSERT INTO public.galaxy VALUES (4, 'Pun', 'Green', 400, false, 70.5);
INSERT INTO public.galaxy VALUES (5, 'Sen', 'Yellow', 3000, true, 10.2);
INSERT INTO public.galaxy VALUES (6, 'Tun', 'Brown', 300, false, 30.1);
INSERT INTO public.galaxy VALUES (7, 'Tan', 'Orange', 100, false, 40.0);


--
-- Data for Name: galaxy_star; Type: TABLE DATA; Schema: public; Owner: freecodecamp
--

INSERT INTO public.galaxy_star VALUES (1, 3, 1, true, 'unjust');
INSERT INTO public.galaxy_star VALUES (2, 7, 6, true, 'conduct');
INSERT INTO public.galaxy_star VALUES (3, 5, 2, true, 'block');
INSERT INTO public.galaxy_star VALUES (4, 2, 3, true, 'gock');


--
-- Data for Name: moon; Type: TABLE DATA; Schema: public; Owner: freecodecamp
--

INSERT INTO public.moon VALUES (1, 'sin', 'plain', 673983, false, 10.2, 5);
INSERT INTO public.moon VALUES (3, 'tin', 'rough', 466778, false, 31.6, 3);
INSERT INTO public.moon VALUES (4, 'tim', 'dot', 487766, false, 77.8, 6);
INSERT INTO public.moon VALUES (5, 'rim', 'nest', 487896, false, 87.8, 8);
INSERT INTO public.moon VALUES (6, 'ram', 'loop', 67654, false, 70.6, 13);
INSERT INTO public.moon VALUES (7, 'bun', 'pop', 466472, false, 10.8, 1);
INSERT INTO public.moon VALUES (8, 'sum', 'lace', 98732, false, 65.8, 9);
INSERT INTO public.moon VALUES (9, 'kin', 'rack', 773212, false, 12.1, 7);
INSERT INTO public.moon VALUES (10, 'ton', 'punch', 3173212, true, 99.2, 4);
INSERT INTO public.moon VALUES (11, 'rin', 'pad', 8737322, true, 20.8, 2);
INSERT INTO public.moon VALUES (12, 'gin', 'plained', 77653, true, 20.8, 11);
INSERT INTO public.moon VALUES (13, 'gun', 'roughed', 636544, true, 78.8, 12);
INSERT INTO public.moon VALUES (14, 'gum', 'dotted', 899044, false, 94.4, 4);
INSERT INTO public.moon VALUES (15, 'mug', 'nested', 165222, true, 14.4, 6);
INSERT INTO public.moon VALUES (16, 'rug', 'looped', 198732, true, 14.9, 1);
INSERT INTO public.moon VALUES (17, 'rag', 'popped', 876232, true, 48.9, 13);
INSERT INTO public.moon VALUES (18, 'run', 'laced', 7558632, false, 11.1, 9);
INSERT INTO public.moon VALUES (19, 'ray', 'racked', 783111, false, 80.2, 11);
INSERT INTO public.moon VALUES (20, 'yen', 'punched', 222229, false, 99.2, 5);
INSERT INTO public.moon VALUES (21, 'pen', 'padded', 298763, false, 64.8, 2);


--
-- Data for Name: planet; Type: TABLE DATA; Schema: public; Owner: freecodecamp
--

INSERT INTO public.planet VALUES (1, 'Earth', 'Blue with brown and green', 22003, true, 50.1, 3);
INSERT INTO public.planet VALUES (2, 'Mars', 'Brown', 2603, false, 80.1, 2);
INSERT INTO public.planet VALUES (3, 'Uranus', 'White', 20303, false, 60.1, 3);
INSERT INTO public.planet VALUES (4, 'Jupiter', 'Brown and white', 65303, false, 70.1, 1);
INSERT INTO public.planet VALUES (5, 'Mecury', 'Grey', 48723, false, 80.9, 4);
INSERT INTO public.planet VALUES (6, 'Neptune', 'Blue', 33523, false, 79.6, 6);
INSERT INTO public.planet VALUES (7, 'Saturn', 'Off-white', 94673, false, 81.3, 5);
INSERT INTO public.planet VALUES (8, 'Venus', 'Red', 908676, false, 89.8, 4);
INSERT INTO public.planet VALUES (9, 'Pictoris', 'Purple', 89376, false, 98.3, 1);
INSERT INTO public.planet VALUES (11, 'Tauri b', 'Skyblue', 56738, false, 88.6, 6);
INSERT INTO public.planet VALUES (12, 'Gliese', 'Pink', 226738, false, 99.3, 2);
INSERT INTO public.planet VALUES (13, 'Wolf b', 'Black', 673983, false, 10.2, 5);


--
-- Data for Name: star; Type: TABLE DATA; Schema: public; Owner: freecodecamp
--

INSERT INTO public.star VALUES (1, 'Rumba', 'Octagon', 200, false, 12.3, 3);
INSERT INTO public.star VALUES (2, 'Samba', 'Pentagon', 110, false, 10.8, 5);
INSERT INTO public.star VALUES (3, 'Linda', 'Triangle', 392, false, 16.1, 2);
INSERT INTO public.star VALUES (4, 'Simba', 'Square', 476, false, 17.2, 6);
INSERT INTO public.star VALUES (5, 'Tunda', 'Rombus', 101, false, 13.1, 4);
INSERT INTO public.star VALUES (6, 'Runda', 'Kite', 129, false, 60.1, 7);


--
-- Name: galaxy_galaxy_id_seq; Type: SEQUENCE SET; Schema: public; Owner: freecodecamp
--

SELECT pg_catalog.setval('public.galaxy_galaxy_id_seq', 7, true);


--
-- Name: galaxy_star_galaxy_star_id_seq; Type: SEQUENCE SET; Schema: public; Owner: freecodecamp
--

SELECT pg_catalog.setval('public.galaxy_star_galaxy_star_id_seq', 36, true);


--
-- Name: moon_moon_id_seq; Type: SEQUENCE SET; Schema: public; Owner: freecodecamp
--

SELECT pg_catalog.setval('public.moon_moon_id_seq', 21, true);


--
-- Name: planet_planet_id_seq; Type: SEQUENCE SET; Schema: public; Owner: freecodecamp
--

SELECT pg_catalog.setval('public.planet_planet_id_seq', 13, true);


--
-- Name: star_star_id_seq; Type: SEQUENCE SET; Schema: public; Owner: freecodecamp
--

SELECT pg_catalog.setval('public.star_star_id_seq', 6, true);


--
-- Name: galaxy galaxy_description_key; Type: CONSTRAINT; Schema: public; Owner: freecodecamp
--

ALTER TABLE ONLY public.galaxy
    ADD CONSTRAINT galaxy_description_key UNIQUE (description);


--
-- Name: galaxy galaxy_pkey; Type: CONSTRAINT; Schema: public; Owner: freecodecamp
--

ALTER TABLE ONLY public.galaxy
    ADD CONSTRAINT galaxy_pkey PRIMARY KEY (galaxy_id);


--
-- Name: galaxy_star galaxy_star_name_key; Type: CONSTRAINT; Schema: public; Owner: freecodecamp
--

ALTER TABLE ONLY public.galaxy_star
    ADD CONSTRAINT galaxy_star_name_key UNIQUE (name);


--
-- Name: galaxy_star galaxy_star_pkey; Type: CONSTRAINT; Schema: public; Owner: freecodecamp
--

ALTER TABLE ONLY public.galaxy_star
    ADD CONSTRAINT galaxy_star_pkey PRIMARY KEY (galaxy_star_id);


--
-- Name: moon moon_description_key; Type: CONSTRAINT; Schema: public; Owner: freecodecamp
--

ALTER TABLE ONLY public.moon
    ADD CONSTRAINT moon_description_key UNIQUE (description);


--
-- Name: moon moon_pkey; Type: CONSTRAINT; Schema: public; Owner: freecodecamp
--

ALTER TABLE ONLY public.moon
    ADD CONSTRAINT moon_pkey PRIMARY KEY (moon_id);


--
-- Name: planet planet_description_key; Type: CONSTRAINT; Schema: public; Owner: freecodecamp
--

ALTER TABLE ONLY public.planet
    ADD CONSTRAINT planet_description_key UNIQUE (description);


--
-- Name: planet planet_pkey; Type: CONSTRAINT; Schema: public; Owner: freecodecamp
--

ALTER TABLE ONLY public.planet
    ADD CONSTRAINT planet_pkey PRIMARY KEY (planet_id);


--
-- Name: star star_description_key; Type: CONSTRAINT; Schema: public; Owner: freecodecamp
--

ALTER TABLE ONLY public.star
    ADD CONSTRAINT star_description_key UNIQUE (description);


--
-- Name: star star_pkey; Type: CONSTRAINT; Schema: public; Owner: freecodecamp
--

ALTER TABLE ONLY public.star
    ADD CONSTRAINT star_pkey PRIMARY KEY (star_id);


--
-- Name: galaxy_star fk_galaxy_star; Type: FK CONSTRAINT; Schema: public; Owner: freecodecamp
--

ALTER TABLE ONLY public.galaxy_star
    ADD CONSTRAINT fk_galaxy_star FOREIGN KEY (galaxy_id) REFERENCES public.galaxy(galaxy_id);


--
-- Name: moon fk_moon_planet; Type: FK CONSTRAINT; Schema: public; Owner: freecodecamp
--

ALTER TABLE ONLY public.moon
    ADD CONSTRAINT fk_moon_planet FOREIGN KEY (planet_id) REFERENCES public.planet(planet_id);


--
-- Name: planet fk_planet_star; Type: FK CONSTRAINT; Schema: public; Owner: freecodecamp
--

ALTER TABLE ONLY public.planet
    ADD CONSTRAINT fk_planet_star FOREIGN KEY (star_id) REFERENCES public.star(star_id);


--
-- Name: star fk_star_galaxy; Type: FK CONSTRAINT; Schema: public; Owner: freecodecamp
--

ALTER TABLE ONLY public.star
    ADD CONSTRAINT fk_star_galaxy FOREIGN KEY (galaxy_id) REFERENCES public.galaxy(galaxy_id);


--
-- Name: galaxy_star fkey_star_galaxy; Type: FK CONSTRAINT; Schema: public; Owner: freecodecamp
--

ALTER TABLE ONLY public.galaxy_star
    ADD CONSTRAINT fkey_star_galaxy FOREIGN KEY (star_id) REFERENCES public.star(star_id);


--
-- PostgreSQL database dump complete
--

